Student_ID,Registration_Number,Full_Name,Email,Department,Section,Year,CGPA,Active_Backlogs,Avg_CIE_Marks,Attendance_Percentage,Attendance_Below_75_Flag,LMS_Logins_30d,LMS_Assignments_Done,LMS_Assignments_Total,LMS_Completion_Percentage,Campus_Events_Count,Clubs_Count,Hackathons_Count,Certifications_Count,Placement_Aptitude_Score,Technical_Coding_Score,Mock_Interview_Score,Programming_Skill,Communication_Skill,Leadership_Skill,Sports_Skill,Feedback_Rating,Overall_Success_Score,Academic_Indicator_Points,Attendance_Indicator_Points,LMS_Indicator_Points,Engagement_Indicator_Points,Placement_Indicator_Points,Skills_Indicator_Points,Feedback_Indicator_Points,Risk_Probability,Risk_Level,Academic_Risk,Placement_Risk,Behavioral_Segment,Active_Interventions,LeetCode_URL,CodeChef_URL,LinkedIn_URL,GitHub_URL
stu-0-1,241FA18001,Bhavya Choudhury,241fa18001@campus.edu.in,Computer Science & Engineering,Section A,Year 3 B.Tech,7.7,0,8,83,NO,23,18,20,90,3,2,2,3,79,77,83,8.2,7.5,7,6.5,4.6,82.8,24.5,16,8.5,10,11.9,7.3,4.6,0.36,medium,FALSE,FALSE,High Achiever,None assigned,https://leetcode.com/u/bhavya_choudhury,https://www.codechef.com/users/bhavya_choudhury,https://linkedin.com/in/bhavya_choudhury,https://github.com/bhavya_choudhury
stu-0-2,241FA18002,Kavya Mishra,241fa18002@campus.edu.in,Computer Science & Engineering,Section A,Year 3 B.Tech,7.8,0,8.2,84,NO,24,19,20,95,4,1,1,2,80,78,84,8.2,7.5,7,6.5,4.6,82.7,24.8,16,8.9,9,12.1,7.3,4.6,0.34,low,FALSE,FALSE,High Achiever,None assigned,https://leetcode.com/u/kavya_mishra,https://www.codechef.com/users/kavya_mishra,https://linkedin.com/in/kavya_mishra,https://github.com/kavya_mishra
stu-0-3,241FA18003,Priya Kumar,241fa18003@campus.edu.in,Computer Science & Engineering,Section A,Year 3 B.Tech,7.9,0,8.3,85,NO,25,20,20,100,2,2,2,3,81,79,85,8.2,7.5,7,6.5,4.6,84.5,25.1,16,9.3,10,12.3,7.3,4.6,0.31,low,FALSE,FALSE,High Achiever,None assigned,https://leetcode.com/u/priya_kumar,https://www.codechef.com/users/priya_kumar,https://linkedin.com/in/priya_kumar,https://github.com/priya_kumar
stu-0-4,241FA18004,Sourabh Das,241fa18004@campus.edu.in,Computer Science & Engineering,Section A,Year 3 B.Tech,7.2,0,7.4,75,NO,19,13,20,65,1,1,0,1,70,68,72,6.8,6.5,6,5.5,3.8,67.3,23.1,14,6.4,3.3,10.5,6.2,3.8,0.6,high,FALSE,FALSE,Consistent Performer,None assigned,https://leetcode.com/u/sourabh_das,https://www.codechef.com/users/sourabh_das,https://linkedin.com/in/sourabh_das,https://github.com/sourabh_das
stu-0-5,241FA18005,Yash Deshmukh,241fa18005@campus.edu.in,Computer Science & Engineering,Section A,Year 3 B.Tech,8.1,0,8.7,87,NO,27,18,20,90,4,2,2,3,83,81,87,8.2,7.5,7,6.5,4.6,85.2,25.8,16,9,10,12.6,7.3,4.6,0.3,low,FALSE,FALSE,High Achiever,None assigned,https://leetcode.com/u/yash_deshmukh,https://www.codechef.com/users/yash_deshmukh,https://linkedin.com/in/yash_deshmukh,https://github.com/yash_deshmukh
stu-0-6,241FA18006,Akash Kulkarni,241fa18006@campus.edu.in,Computer Science & Engineering,Section A,Year 3 B.Tech,8.2,0,8.9,88,NO,28,19,20,95,2,1,1,2,84,82,88,8.2,7.5,7,6.5,4.6,83.8,26.1,16,9.4,7.7,12.7,7.3,4.6,0.27,low,FALSE,FALSE,High Achiever,None assigned,https://leetcode.com/u/akash_kulkarni,https://www.codechef.com/users/akash_kulkarni,https://linkedin.com/in/akash_kulkarni,https://github.com/akash_kulkarni
stu-0-7,241FA18007,Deepak Iyer,241fa18007@campus.edu.in,Computer Science & Engineering,Section A,Year 3 B.Tech,8.3,0,9.1,89,NO,29,20,20,100,3,2,2,3,85,83,89,8.2,7.5,7,6.5,4.6,87.1,26.5,16,9.9,10,12.8,7.3,4.6,0.25,low,FALSE,FALSE,High Achiever,None assigned,https://leetcode.com/u/deepak_iyer,https://www.codechef.com/users/deepak_iyer,https://linkedin.com/in/deepak_iyer,https://github.com/deepak_iyer
stu-0-8,241FA18008,Manish Pillai,241fa18008@campus.edu.in,Computer Science & Engineering,Section A,Year 3 B.Tech,6.16,4,4.5,58,YES,7,8,20,40,0,0,0,0,53,46,48,4.5,4,3.5,4.5,2.5,42.2,14.9,10,3.3,0,7.3,4.1,2.5,1,critical,TRUE,TRUE,Attendance Risk,None assigned,https://leetcode.com/u/manish_pillai,https://www.codechef.com/users/manish_pillai,https://linkedin.com/in/manish_pillai,https://github.com/manish_pillai
stu-0-9,241FA18009,Rhea Reddy,241fa18009@campus.edu.in,Computer Science & Engineering,Section A,Year 3 B.Tech,8.5,0,9.4,91,NO,23,18,20,90,2,2,2,3,87,85,91,8.2,7.5,7,6.5,4.6,88.6,27.1,18,8.5,10,13.2,7.3,4.6,0.2,low,FALSE,FALSE,High Achiever,None assigned,https://leetcode.com/u/rhea_reddy,https://www.codechef.com/users/rhea_reddy,https://linkedin.com/in/rhea_reddy,https://github.com/rhea_reddy
stu-0-10,241FA18010,Tanvi Bhat,241fa18010@campus.edu.in,Computer Science & Engineering,Section A,Year 3 B.Tech,8.6,0,7.8,92,NO,24,19,20,95,3,1,1,2,88,86,92,8.2,7.5,7,6.5,4.6,86,25.6,18,8.9,8.3,13.3,7.3,4.6,0.22,low,FALSE,FALSE,High Achiever,None assigned,https://leetcode.com/u/tanvi_bhat,https://www.codechef.com/users/tanvi_bhat,https://linkedin.com/in/tanvi_bhat,https://github.com/tanvi_bhat
stu-0-11,241FA18011,Karthik Verma,241fa18011@campus.edu.in,Computer Science & Engineering,Section A,Year 3 B.Tech,8.7,0,8,93,NO,25,20,20,100,4,2,2,3,89,87,93,8.2,7.5,7,6.5,4.6,88.6,25.9,18,9.3,10,13.4,7.3,4.6,0.2,low,FALSE,FALSE,High Achiever,None assigned,https://leetcode.com/u/karthik_verma,https://www.codechef.com/users/karthik_verma,https://linkedin.com/in/karthik_verma,https://github.com/karthik_verma
stu-0-12,241FA18012,Aniket Rao,241fa18012@campus.edu.in,Computer Science & Engineering,Section A,Year 3 B.Tech,9.15,0,9.2,66,YES,29,19,20,95,1,1,1,3,92,88,90,9,8.5,8,3,4.8,83.5,27.9,12,9.6,8.7,13.5,7.1,4.8,0.56,medium,FALSE,FALSE,High Achiever,None assigned,https://leetcode.com/u/aniket_rao,https://www.codechef.com/users/aniket_rao,https://linkedin.com/in/aniket-rao,https://github.com/aniket-rao
stu-0-13,241FA18013,Gautam Agarwal,241fa18013@campus.edu.in,Computer Science & Engineering,Section A,Year 3 B.Tech,8.9,0,8.3,95,NO,27,18,20,90,3,2,2,3,91,89,95,8.2,7.5,7,6.5,4.6,89.2,26.6,18,9,10,13.8,7.3,4.6,0.19,low,FALSE,FALSE,High Achiever,None assigned,https://leetcode.com/u/gautam_agarwal,https://www.codechef.com/users/gautam_agarwal,https://linkedin.com/in/gautam_agarwal,https://github.com/gautam_agarwal
stu-0-14,241FA18014,Nikhil Singh,241fa18014@campus.edu.in,Computer Science & Engineering,Section A,Year 3 B.Tech,9,0,8.5,96,NO,28,19,20,95,4,1,1,2,92,90,82,8.2,7.5,7,6.5,4.6,88.5,26.9,18,9.4,9,13.2,7.3,4.6,0.18,low,FALSE,FALSE,High Achiever,None assigned,https://leetcode.com/u/nikhil_singh,https://www.codechef.com/users/nikhil_singh,https://linkedin.com/in/nikhil_singh,https://github.com/nikhil_singh
stu-0-15,241FA18015,Rohit Chatterjee,241fa18015@campus.edu.in,Computer Science & Engineering,Section A,Year 3 B.Tech,9.1,0,8.7,97,NO,29,20,20,100,2,2,2,3,93,91,83,8.2,7.5,7,6.5,4.6,90.4,27.3,18,9.9,10,13.3,7.3,4.6,0.17,low,FALSE,FALSE,High Achiever,None assigned,https://leetcode.com/u/rohit_chatterjee,https://www.codechef.com/users/rohit_chatterjee,https://linkedin.com/in/rohit_chatterjee,https://github.com/rohit_chatterjee
stu-0-16,241FA18016,Utkarsh Gupta,241fa18016@campus.edu.in,Computer Science & Engineering,Section A,Year 3 B.Tech,5.68,3,4.5,64,YES,9,10,20,50,0,0,0,0,46,54,44,4.5,4,3.5,4.5,2.5,45.1,15,12,4.2,0,7.2,4.1,2.5,0.99,critical,TRUE,TRUE,Attendance Risk,None assigned,https://leetcode.com/u/utkarsh_gupta,https://www.codechef.com/users/utkarsh_gupta,https://linkedin.com/in/utkarsh_gupta,https://github.com/utkarsh_gupta
stu-0-17,241FA18017,Harini Sen,241fa18017@campus.edu.in,Computer Science & Engineering,Section A,Year 3 B.Tech,9.3,0,9.1,83,NO,23,18,20,90,4,2,2,3,95,93,85,8.2,7.5,7,6.5,4.6,88,28,16,8.5,10,13.7,7.3,4.6,0.24,low,FALSE,FALSE,High Achiever,None assigned,https://leetcode.com/u/harini_sen,https://www.codechef.com/users/harini_sen,https://linkedin.com/in/harini_sen,https://github.com/harini_sen
stu-0-18,241FA18018,Arjun Nair,241fa18018@campus.edu.in,Computer Science & Engineering,Section A,Year 3 B.Tech,9.4,0,9.2,84,NO,24,19,20,95,2,1,1,2,78,94,86,8.2,7.5,7,6.5,4.6,85.6,28.3,16,8.9,7.7,12.9,7.3,4.6,0.24,low,FALSE,FALSE,High Achiever,None assigned,https://leetcode.com/u/arjun_nair,https://www.codechef.com/users/arjun_nair,https://linkedin.com/in/arjun_nair,https://github.com/arjun_nair
stu-0-19,241FA18019,Ishaan Hegde,241fa18019@campus.edu.in,Computer Science & Engineering,Section A,Year 3 B.Tech,9.5,0,9.4,85,NO,25,20,20,100,3,2,2,3,79,95,87,8.2,7.5,7,6.5,4.6,88.9,28.6,16,9.3,10,13.1,7.3,4.6,0.22,low,FALSE,FALSE,High Achiever,None assigned,https://leetcode.com/u/ishaan_hegde,https://www.codechef.com/users/ishaan_hegde,https://linkedin.com/in/ishaan_hegde,https://github.com/ishaan_hegde
stu-0-20,241FA18020,Pranav Rao,241fa18020@campus.edu.in,Computer Science & Engineering,Section A,Year 3 B.Tech,7.2,0,7,75,NO,19,13,20,65,1,1,0,1,74,69,68,6.8,6.5,6,5.5,3.8,67,22.6,14,6.4,3.3,10.6,6.2,3.8,0.61,high,FALSE,FALSE,Consistent Performer,None assigned,https://leetcode.com/u/pranav_rao,https://www.codechef.com/users/pranav_rao,https://linkedin.com/in/pranav_rao,https://github.com/pranav_rao
stu-0-21,241FA18021,Sneha Menon,241fa18021@campus.edu.in,Computer Science & Engineering,Section A,Year 3 B.Tech,7.7,0,8,87,NO,27,18,20,90,2,2,2,3,81,77,89,8.2,7.5,7,6.5,4.6,83.7,24.5,16,9,10,12.3,7.3,4.6,0.33,low,FALSE,FALSE,High Achiever,None assigned,https://leetcode.com/u/sneha_menon,https://www.codechef.com/users/sneha_menon,https://linkedin.com/in/sneha_menon,https://github.com/sneha_menon
stu-0-22,241FA18022,Vikas Patel,241fa18022@campus.edu.in,Computer Science & Engineering,Section A,Year 3 B.Tech,7.8,0,8.2,88,NO,28,19,20,95,3,1,1,2,82,78,90,8.2,7.5,7,6.5,4.6,83,24.8,16,9.4,8.3,12.5,7.3,4.6,0.31,low,FALSE,FALSE,High Achiever,None assigned,https://leetcode.com/u/vikas_patel,https://www.codechef.com/users/vikas_patel,https://linkedin.com/in/vikas_patel,https://github.com/vikas_patel
stu-0-23,241FA18023,Aditya Mehta,241fa18023@campus.edu.in,Computer Science & Engineering,Section A,Year 3 B.Tech,7.9,0,8.3,89,NO,29,20,20,100,4,2,2,3,83,79,91,8.2,7.5,7,6.5,4.6,85.5,25.1,16,9.9,10,12.7,7.3,4.6,0.29,low,FALSE,FALSE,High Achiever,None assigned,https://leetcode.com/u/aditya_mehta,https://www.codechef.com/users/aditya_mehta,https://linkedin.com/in/aditya_mehta,https://github.com/aditya_mehta
stu-0-24,241FA18024,Chaitanya Sharma,241fa18024@campus.edu.in,Computer Science & Engineering,Section A,Year 3 B.Tech,5.2,2,4.5,52,YES,5,6,20,30,0,0,0,0,54,44,40,4.5,4,3.5,4.5,2.5,41.2,15.2,10,2.5,0,6.9,4.1,2.5,0.99,critical,TRUE,TRUE,Attendance Risk,None assigned,https://leetcode.com/u/chaitanya_sharma,https://www.codechef.com/users/chaitanya_sharma,https://linkedin.com/in/chaitanya_sharma,https://github.com/chaitanya_sharma
stu-0-25,241FA18025,Kiran Choudhury,241fa18025@campus.edu.in,Computer Science & Engineering,Section A,Year 3 B.Tech,8.1,0,8.7,91,NO,23,18,20,90,3,2,2,3,85,81,93,8.2,7.5,7,6.5,4.6,87.1,25.8,18,8.5,10,12.9,7.3,4.6,0.23,low,FALSE,FALSE,High Achiever,None assigned,https://leetcode.com/u/kiran_choudhury,https://www.codechef.com/users/kiran_choudhury,https://linkedin.com/in/kiran_choudhury,https://github.com/kiran_choudhury
stu-0-26,241FA18026,Rahul Mishra,241fa18026@campus.edu.in,Computer Science & Engineering,Section A,Year 3 B.Tech,8.2,0,8.9,92,NO,24,19,20,95,4,1,1,2,86,82,94,8.2,7.5,7,6.5,4.6,87,26.1,18,8.9,9,13.1,7.3,4.6,0.21,low,FALSE,FALSE,High Achiever,None assigned,https://leetcode.com/u/rahul_mishra,https://www.codechef.com/users/rahul_mishra,https://linkedin.com/in/rahul_mishra,https://github.com/rahul_mishra
stu-0-27,241FA18067,MD SAHIL,241fa18067@campus.edu.in,Computer Science & Engineering,Section A,Year 3 B.Tech,8.5,0,8.4,74,YES,26,18,20,90,4,2,2,2,82.5,86,84,8.8,8,7.5,6.5,4.5,83.8,26.1,14,8.9,10,12.6,7.7,4.5,0.52,medium,FALSE,FALSE,High Achiever,Attendance Warning: One-on-one tutorial session arranged. Target: attend 12 consecutive lectures to exceed 75% cutoff.,https://leetcode.com/u/mdsahil,https://www.codechef.com/users/mdsahil,https://linkedin.com/in/mdsahil,https://github.com/sahilAIML
stu-0-28,241FA18028,Zoya Das,241fa18028@campus.edu.in,Computer Science & Engineering,Section A,Year 3 B.Tech,7.2,0,7.4,75,NO,19,13,20,65,1,1,0,1,70,77,76,6.8,6.5,6,5.5,3.8,68,23.1,14,6.4,3.3,11.1,6.2,3.8,0.58,medium,FALSE,FALSE,Consistent Performer,None assigned,https://leetcode.com/u/zoya_das,https://www.codechef.com/users/zoya_das,https://linkedin.com/in/zoya_das,https://github.com/zoya_das
stu-0-29,241FA18029,Ananya Deshmukh,241fa18029@campus.edu.in,Computer Science & Engineering,Section A,Year 3 B.Tech,8.5,0,9.4,95,NO,27,18,20,90,4,2,2,3,89,85,83,8.2,7.5,7,6.5,4.6,88.9,27.1,18,9,10,12.8,7.3,4.6,0.2,low,FALSE,FALSE,High Achiever,None assigned,https://leetcode.com/u/ananya_deshmukh,https://www.codechef.com/users/ananya_deshmukh,https://linkedin.com/in/ananya_deshmukh,https://github.com/ananya_deshmukh
stu-0-30,241FA18030,Divya Kulkarni,241fa18030@campus.edu.in,Computer Science & Engineering,Section A,Year 3 B.Tech,8.6,0,7.8,96,NO,28,19,20,95,2,1,1,2,90,86,84,8.2,7.5,7,6.5,4.6,85.6,25.6,18,9.4,7.7,13,7.3,4.6,0.21,low,FALSE,FALSE,High Achiever,None assigned,https://leetcode.com/u/divya_kulkarni,https://www.codechef.com/users/divya_kulkarni,https://linkedin.com/in/divya_kulkarni,https://github.com/divya_kulkarni
stu-0-31,241FA18031,Meera Iyer,241fa18031@campus.edu.in,Computer Science & Engineering,Section A,Year 3 B.Tech,8.7,0,8,97,NO,29,20,20,100,3,2,2,3,91,87,85,8.2,7.5,7,6.5,4.6,88.9,25.9,18,9.9,10,13.2,7.3,4.6,0.19,low,FALSE,FALSE,High Achiever,None assigned,https://leetcode.com/u/meera_iyer,https://www.codechef.com/users/meera_iyer,https://linkedin.com/in/meera_iyer,https://github.com/meera_iyer
stu-0-32,241FA18032,Rohan Pillai,241fa18032@campus.edu.in,Computer Science & Engineering,Section A,Year 3 B.Tech,6.16,4,4.5,58,YES,7,8,20,40,0,0,0,0,47,52,48,4.5,4,3.5,4.5,2.5,42.2,14.9,10,3.3,0,7.3,4.1,2.5,1,critical,TRUE,TRUE,Attendance Risk,None assigned,https://leetcode.com/u/rohan_pillai,https://www.codechef.com/users/rohan_pillai,https://linkedin.com/in/rohan_pillai,https://github.com/rohan_pillai
stu-0-33,241FA18033,Tarun Reddy,241fa18033@campus.edu.in,Computer Science & Engineering,Section A,Year 3 B.Tech,8.9,0,8.3,83,NO,23,18,20,90,2,2,2,3,93,89,87,8.2,7.5,7,6.5,4.6,86.4,26.6,16,8.5,10,13.4,7.3,4.6,0.27,low,FALSE,FALSE,High Achiever,None assigned,https://leetcode.com/u/tarun_reddy,https://www.codechef.com/users/tarun_reddy,https://linkedin.com/in/tarun_reddy,https://github.com/tarun_reddy
stu-0-34,241FA18034,Swati Bhat,241fa18034@campus.edu.in,Computer Science & Engineering,Section A,Year 3 B.Tech,9,0,8.5,84,NO,24,19,20,95,3,1,1,2,94,90,88,8.2,7.5,7,6.5,4.6,85.7,26.9,16,8.9,8.3,13.6,7.3,4.6,0.25,low,FALSE,FALSE,High Achiever,None assigned,https://leetcode.com/u/swati_bhat,https://www.codechef.com/users/swati_bhat,https://linkedin.com/in/swati_bhat,https://github.com/swati_bhat
stu-0-35,241FA18035,Anushka Verma,241fa18035@campus.edu.in,Computer Science & Engineering,Section A,Year 3 B.Tech,9.1,0,8.7,85,NO,25,20,20,100,4,2,2,3,95,91,89,8.2,7.5,7,6.5,4.6,88.3,27.3,16,9.3,10,13.8,7.3,4.6,0.23,low,FALSE,FALSE,High Achiever,None assigned,https://leetcode.com/u/anushka_verma,https://www.codechef.com/users/anushka_verma,https://linkedin.com/in/anushka_verma,https://github.com/anushka_verma
stu-0-36,241FA18036,Harsh Joshi,241fa18036@campus.edu.in,Computer Science & Engineering,Section A,Year 3 B.Tech,7.2,0,6.6,75,NO,19,13,20,65,1,1,0,1,66,70,74,6.8,6.5,6,5.5,3.8,66.5,22.2,14,6.4,3.3,10.5,6.2,3.8,0.62,high,FALSE,FALSE,Consistent Performer,None assigned,https://leetcode.com/u/harsh_joshi,https://www.codechef.com/users/harsh_joshi,https://linkedin.com/in/harsh_joshi,https://github.com/harsh_joshi
stu-0-37,241FA18037,Pooja Agarwal,241fa18037@campus.edu.in,Computer Science & Engineering,Section A,Year 3 B.Tech,9.3,0,9.1,87,NO,27,18,20,90,3,2,2,3,79,93,91,8.2,7.5,7,6.5,4.6,88.1,28,16,9,10,13.2,7.3,4.6,0.24,low,FALSE,FALSE,High Achiever,None assigned,https://leetcode.com/u/pooja_agarwal,https://www.codechef.com/users/pooja_agarwal,https://linkedin.com/in/pooja_agarwal,https://github.com/pooja_agarwal
stu-0-38,241FA18038,Sanjana Singh,241fa18038@campus.edu.in,Computer Science & Engineering,Section A,Year 3 B.Tech,9.4,0,9.2,88,NO,28,19,20,95,4,1,1,2,80,94,92,8.2,7.5,7,6.5,4.6,87.9,28.3,16,9.4,9,13.3,7.3,4.6,0.22,low,FALSE,FALSE,High Achiever,None assigned,https://leetcode.com/u/sanjana_singh,https://www.codechef.com/users/sanjana_singh,https://linkedin.com/in/sanjana_singh,https://github.com/sanjana_singh
stu-0-39,241FA18039,Varun Chatterjee,241fa18039@campus.edu.in,Computer Science & Engineering,Section A,Year 3 B.Tech,9.5,0,9.4,89,NO,29,20,20,100,2,2,2,3,81,95,93,8.2,7.5,7,6.5,4.6,89.8,28.6,16,9.9,10,13.4,7.3,4.6,0.2,low,FALSE,FALSE,High Achiever,None assigned,https://leetcode.com/u/varun_chatterjee,https://www.codechef.com/users/varun_chatterjee,https://linkedin.com/in/varun_chatterjee,https://github.com/varun_chatterjee
stu-0-40,241FA18040,Aarav Gupta,241fa18040@campus.edu.in,Computer Science & Engineering,Section A,Year 3 B.Tech,5.68,3,4.5,64,YES,9,10,20,50,0,0,0,0,55,42,44,4.5,4,3.5,4.5,2.5,44.9,15,12,4.2,0,7,4.1,2.5,0.99,critical,TRUE,TRUE,Attendance Risk,None assigned,https://leetcode.com/u/aarav_gupta,https://www.codechef.com/users/aarav_gupta,https://linkedin.com/in/aarav_gupta,https://github.com/aarav_gupta
stu-1-1,241FA04001,Pranav Pillai,241fa04001@campus.edu.in,Computer Science & Engineering,Section B,Year 3 B.Tech,7.7,0,8,83,NO,23,18,20,90,3,2,2,3,79,77,83,8.2,7.5,7,6.5,4.6,82.8,24.5,16,8.5,10,11.9,7.3,4.6,0.36,medium,FALSE,FALSE,High Achiever,None assigned,https://leetcode.com/u/pranav_pillai,https://www.codechef.com/users/pranav_pillai,https://linkedin.com/in/pranav_pillai,https://github.com/pranav_pillai
stu-1-2,241FA04002,Sneha Reddy,241fa04002@campus.edu.in,Computer Science & Engineering,Section B,Year 3 B.Tech,7.8,0,8.2,84,NO,24,19,20,95,4,1,1,2,80,78,84,8.2,7.5,7,6.5,4.6,82.7,24.8,16,8.9,9,12.1,7.3,4.6,0.34,low,FALSE,FALSE,High Achiever,None assigned,https://leetcode.com/u/sneha_reddy,https://www.codechef.com/users/sneha_reddy,https://linkedin.com/in/sneha_reddy,https://github.com/sneha_reddy
stu-1-3,241FA04003,Vikas Bhat,241fa04003@campus.edu.in,Computer Science & Engineering,Section B,Year 3 B.Tech,7.9,0,8.3,85,NO,25,20,20,100,2,2,2,3,81,79,85,8.2,7.5,7,6.5,4.6,84.5,25.1,16,9.3,10,12.3,7.3,4.6,0.31,low,FALSE,FALSE,High Achiever,None assigned,https://leetcode.com/u/vikas_bhat,https://www.codechef.com/users/vikas_bhat,https://linkedin.com/in/vikas_bhat,https://github.com/vikas_bhat
stu-1-4,241FA04004,Aditya Verma,241fa04004@campus.edu.in,Computer Science & Engineering,Section B,Year 3 B.Tech,7.2,0,7.4,75,NO,19,13,20,65,1,1,0,1,70,68,72,6.8,6.5,6,5.5,3.8,67.3,23.1,14,6.4,3.3,10.5,6.2,3.8,0.6,high,FALSE,FALSE,Consistent Performer,None assigned,https://leetcode.com/u/aditya_verma,https://www.codechef.com/users/aditya_verma,https://linkedin.com/in/aditya_verma,https://github.com/aditya_verma
stu-1-5,241FA04005,Chaitanya Joshi,241fa04005@campus.edu.in,Computer Science & Engineering,Section B,Year 3 B.Tech,8.1,0,8.7,87,NO,27,18,20,90,4,2,2,3,83,81,87,8.2,7.5,7,6.5,4.6,85.2,25.8,16,9,10,12.6,7.3,4.6,0.3,low,FALSE,FALSE,High Achiever,None assigned,https://leetcode.com/u/chaitanya_joshi,https://www.codechef.com/users/chaitanya_joshi,https://linkedin.com/in/chaitanya_joshi,https://github.com/chaitanya_joshi
stu-1-6,241FA04006,Kiran Agarwal,241fa04006@campus.edu.in,Computer Science & Engineering,Section B,Year 3 B.Tech,8.2,0,8.9,88,NO,28,19,20,95,2,1,1,2,84,82,88,8.2,7.5,7,6.5,4.6,83.8,26.1,16,9.4,7.7,12.7,7.3,4.6,0.27,low,FALSE,FALSE,High Achiever,None assigned,https://leetcode.com/u/kiran_agarwal,https://www.codechef.com/users/kiran_agarwal,https://linkedin.com/in/kiran_agarwal,https://github.com/kiran_agarwal
stu-1-7,241FA04007,Rahul Singh,241fa04007@campus.edu.in,Computer Science & Engineering,Section B,Year 3 B.Tech,8.3,0,9.1,89,NO,29,20,20,100,3,2,2,3,85,83,89,8.2,7.5,7,6.5,4.6,87.1,26.5,16,9.9,10,12.8,7.3,4.6,0.25,low,FALSE,FALSE,High Achiever,None assigned,https://leetcode.com/u/rahul_singh,https://www.codechef.com/users/rahul_singh,https://linkedin.com/in/rahul_singh,https://github.com/rahul_singh
stu-1-8,241FA04008,Suhani Chatterjee,241fa04008@campus.edu.in,Computer Science & Engineering,Section B,Year 3 B.Tech,6.16,4,4.5,58,YES,7,8,20,40,0,0,0,0,53,46,48,4.5,4,3.5,4.5,2.5,42.2,14.9,10,3.3,0,7.3,4.1,2.5,1,critical,TRUE,TRUE,Attendance Risk,None assigned,https://leetcode.com/u/suhani_chatterjee,https://www.codechef.com/users/suhani_chatterjee,https://linkedin.com/in/suhani_chatterjee,https://github.com/suhani_chatterjee
stu-1-9,241FA04009,Zoya Gupta,241fa04009@campus.edu.in,Computer Science & Engineering,Section B,Year 3 B.Tech,8.5,0,9.4,91,NO,23,18,20,90,2,2,2,3,87,85,91,8.2,7.5,7,6.5,4.6,88.6,27.1,18,8.5,10,13.2,7.3,4.6,0.2,low,FALSE,FALSE,High Achiever,None assigned,https://leetcode.com/u/zoya_gupta,https://www.codechef.com/users/zoya_gupta,https://linkedin.com/in/zoya_gupta,https://github.com/zoya_gupta
stu-1-10,241FA04010,Ananya Sen,241fa04010@campus.edu.in,Computer Science & Engineering,Section B,Year 3 B.Tech,8.6,0,7.8,92,NO,24,19,20,95,3,1,1,2,88,86,92,8.2,7.5,7,6.5,4.6,86,25.6,18,8.9,8.3,13.3,7.3,4.6,0.22,low,FALSE,FALSE,High Achiever,None assigned,https://leetcode.com/u/ananya_sen,https://www.codechef.com/users/ananya_sen,https://linkedin.com/in/ananya_sen,https://github.com/ananya_sen
stu-1-11,241FA04011,Divya Nair,241fa04011@campus.edu.in,Computer Science & Engineering,Section B,Year 3 B.Tech,8.7,0,8,93,NO,25,20,20,100,4,2,2,3,89,87,93,8.2,7.5,7,6.5,4.6,88.6,25.9,18,9.3,10,13.4,7.3,4.6,0.2,low,FALSE,FALSE,High Achiever,None assigned,https://leetcode.com/u/divya_nair,https://www.codechef.com/users/divya_nair,https://linkedin.com/in/divya_nair,https://github.com/divya_nair
stu-1-12,241FA04012,Meera Hegde,241fa04012@campus.edu.in,Computer Science & Engineering,Section B,Year 3 B.Tech,7.2,0,6.6,75,NO,19,13,20,65,1,1,0,1,66,76,70,6.8,6.5,6,5.5,3.8,66.6,22.2,14,6.4,3.3,10.6,6.2,3.8,0.62,high,FALSE,FALSE,Consistent Performer,None assigned,https://leetcode.com/u/meera_hegde,https://www.codechef.com/users/meera_hegde,https://linkedin.com/in/meera_hegde,https://github.com/meera_hegde
stu-1-13,241FA04013,Rohan Rao,241fa04013@campus.edu.in,Computer Science & Engineering,Section B,Year 3 B.Tech,8.9,0,8.3,95,NO,27,18,20,90,3,2,2,3,91,89,95,8.2,7.5,7,6.5,4.6,89.2,26.6,18,9,10,13.8,7.3,4.6,0.19,low,FALSE,FALSE,High Achiever,None assigned,https://leetcode.com/u/rohan_rao,https://www.codechef.com/users/rohan_rao,https://linkedin.com/in/rohan_rao,https://github.com/rohan_rao
stu-1-14,241FA04014,Tarun Menon,241fa04014@campus.edu.in,Computer Science & Engineering,Section B,Year 3 B.Tech,9,0,8.5,96,NO,28,19,20,95,4,1,1,2,92,90,82,8.2,7.5,7,6.5,4.6,88.5,26.9,18,9.4,9,13.2,7.3,4.6,0.18,low,FALSE,FALSE,High Achiever,None assigned,https://leetcode.com/u/tarun_menon,https://www.codechef.com/users/tarun_menon,https://linkedin.com/in/tarun_menon,https://github.com/tarun_menon
stu-1-15,241FA04015,Swati Patel,241fa04015@campus.edu.in,Computer Science & Engineering,Section B,Year 3 B.Tech,9.1,0,8.7,97,NO,29,20,20,100,2,2,2,3,93,91,83,8.2,7.5,7,6.5,4.6,90.4,27.3,18,9.9,10,13.3,7.3,4.6,0.17,low,FALSE,FALSE,High Achiever,None assigned,https://leetcode.com/u/swati_patel,https://www.codechef.com/users/swati_patel,https://linkedin.com/in/swati_patel,https://github.com/swati_patel
stu-1-16,241FA04016,Anushka Mehta,241fa04016@campus.edu.in,Computer Science & Engineering,Section B,Year 3 B.Tech,5.68,3,4.5,64,YES,9,10,20,50,0,0,0,0,46,54,44,4.5,4,3.5,4.5,2.5,45.1,15,12,4.2,0,7.2,4.1,2.5,0.99,critical,TRUE,TRUE,Attendance Risk,None assigned,https://leetcode.com/u/anushka_mehta,https://www.codechef.com/users/anushka_mehta,https://linkedin.com/in/anushka_mehta,https://github.com/anushka_mehta
stu-1-17,241FA04017,Harsh Sharma,241fa04017@campus.edu.in,Computer Science & Engineering,Section B,Year 3 B.Tech,9.3,0,9.1,83,NO,23,18,20,90,4,2,2,3,95,93,85,8.2,7.5,7,6.5,4.6,88,28,16,8.5,10,13.7,7.3,4.6,0.24,low,FALSE,FALSE,High Achiever,None assigned,https://leetcode.com/u/harsh_sharma,https://www.codechef.com/users/harsh_sharma,https://linkedin.com/in/harsh_sharma,https://github.com/harsh_sharma
stu-1-18,241FA04018,Pooja Choudhury,241fa04018@campus.edu.in,Computer Science & Engineering,Section B,Year 3 B.Tech,9.4,0,9.2,84,NO,24,19,20,95,2,1,1,2,78,94,86,8.2,7.5,7,6.5,4.6,85.6,28.3,16,8.9,7.7,12.9,7.3,4.6,0.24,low,FALSE,FALSE,High Achiever,None assigned,https://leetcode.com/u/pooja_choudhury,https://www.codechef.com/users/pooja_choudhury,https://linkedin.com/in/pooja_choudhury,https://github.com/pooja_choudhury
stu-1-19,241FA04019,Sanjana Mishra,241fa04019@campus.edu.in,Computer Science & Engineering,Section B,Year 3 B.Tech,9.5,0,9.4,85,NO,25,20,20,100,3,2,2,3,79,95,87,8.2,7.5,7,6.5,4.6,88.9,28.6,16,9.3,10,13.1,7.3,4.6,0.22,low,FALSE,FALSE,High Achiever,None assigned,https://leetcode.com/u/sanjana_mishra,https://www.codechef.com/users/sanjana_mishra,https://linkedin.com/in/sanjana_mishra,https://github.com/sanjana_mishra
stu-1-20,241FA04020,Varun Kumar,241fa04020@campus.edu.in,Computer Science & Engineering,Section B,Year 3 B.Tech,7.2,0,7,75,NO,19,13,20,65,1,1,0,1,74,69,68,6.8,6.5,6,5.5,3.8,67,22.6,14,6.4,3.3,10.6,6.2,3.8,0.61,high,FALSE,FALSE,Consistent Performer,None assigned,https://leetcode.com/u/varun_kumar,https://www.codechef.com/users/varun_kumar,https://linkedin.com/in/varun_kumar,https://github.com/varun_kumar
stu-1-21,241FA04021,Aarav Das,241fa04021@campus.edu.in,Computer Science & Engineering,Section B,Year 3 B.Tech,7.7,0,8,87,NO,27,18,20,90,2,2,2,3,81,77,89,8.2,7.5,7,6.5,4.6,83.7,24.5,16,9,10,12.3,7.3,4.6,0.33,low,FALSE,FALSE,High Achiever,None assigned,https://leetcode.com/u/aarav_das,https://www.codechef.com/users/aarav_das,https://linkedin.com/in/aarav_das,https://github.com/aarav_das
stu-1-22,241FA04022,Bhavya Deshmukh,241fa04022@campus.edu.in,Computer Science & Engineering,Section B,Year 3 B.Tech,7.8,0,8.2,88,NO,28,19,20,95,3,1,1,2,82,78,90,8.2,7.5,7,6.5,4.6,83,24.8,16,9.4,8.3,12.5,7.3,4.6,0.31,low,FALSE,FALSE,High Achiever,None assigned,https://leetcode.com/u/bhavya_deshmukh,https://www.codechef.com/users/bhavya_deshmukh,https://linkedin.com/in/bhavya_deshmukh,https://github.com/bhavya_deshmukh
stu-1-23,241FA04023,Kavya Kulkarni,241fa04023@campus.edu.in,Computer Science & Engineering,Section B,Year 3 B.Tech,7.9,0,8.3,89,NO,29,20,20,100,4,2,2,3,83,79,91,8.2,7.5,7,6.5,4.6,85.5,25.1,16,9.9,10,12.7,7.3,4.6,0.29,low,FALSE,FALSE,High Achiever,None assigned,https://leetcode.com/u/kavya_kulkarni,https://www.codechef.com/users/kavya_kulkarni,https://linkedin.com/in/kavya_kulkarni,https://github.com/kavya_kulkarni
stu-1-24,241FA04024,Priya Iyer,241fa04024@campus.edu.in,Computer Science & Engineering,Section B,Year 3 B.Tech,5.2,2,4.5,52,YES,5,6,20,30,0,0,0,0,54,44,40,4.5,4,3.5,4.5,2.5,41.2,15.2,10,2.5,0,6.9,4.1,2.5,0.99,critical,TRUE,TRUE,Attendance Risk,None assigned,https://leetcode.com/u/priya_iyer,https://www.codechef.com/users/priya_iyer,https://linkedin.com/in/priya_iyer,https://github.com/priya_iyer
stu-1-25,241FA04025,Sourabh Pillai,241fa04025@campus.edu.in,Computer Science & Engineering,Section B,Year 3 B.Tech,8.1,0,8.7,91,NO,23,18,20,90,3,2,2,3,85,81,93,8.2,7.5,7,6.5,4.6,87.1,25.8,18,8.5,10,12.9,7.3,4.6,0.23,low,FALSE,FALSE,High Achiever,None assigned,https://leetcode.com/u/sourabh_pillai,https://www.codechef.com/users/sourabh_pillai,https://linkedin.com/in/sourabh_pillai,https://github.com/sourabh_pillai
stu-1-26,241FA04026,Yash Reddy,241fa04026@campus.edu.in,Computer Science & Engineering,Section B,Year 3 B.Tech,8.2,0,8.9,92,NO,24,19,20,95,4,1,1,2,86,82,94,8.2,7.5,7,6.5,4.6,87,26.1,18,8.9,9,13.1,7.3,4.6,0.21,low,FALSE,FALSE,High Achiever,None assigned,https://leetcode.com/u/yash_reddy,https://www.codechef.com/users/yash_reddy,https://linkedin.com/in/yash_reddy,https://github.com/yash_reddy
stu-1-27,241FA04027,Akash Bhat,241fa04027@campus.edu.in,Computer Science & Engineering,Section B,Year 3 B.Tech,8.3,0,9.1,93,NO,25,20,20,100,2,2,2,3,87,83,95,8.2,7.5,7,6.5,4.6,89,26.5,18,9.3,10,13.3,7.3,4.6,0.19,low,FALSE,FALSE,High Achiever,None assigned,https://leetcode.com/u/akash_bhat,https://www.codechef.com/users/akash_bhat,https://linkedin.com/in/akash_bhat,https://github.com/akash_bhat
stu-1-28,241FA04028,Deepak Verma,241fa04028@campus.edu.in,Computer Science & Engineering,Section B,Year 3 B.Tech,7.2,0,7.4,75,NO,19,13,20,65,1,1,0,1,70,77,76,6.8,6.5,6,5.5,3.8,68,23.1,14,6.4,3.3,11.1,6.2,3.8,0.58,medium,FALSE,FALSE,Consistent Performer,None assigned,https://leetcode.com/u/deepak_verma,https://www.codechef.com/users/deepak_verma,https://linkedin.com/in/deepak_verma,https://github.com/deepak_verma
stu-1-29,241FA04029,Manish Joshi,241fa04029@campus.edu.in,Computer Science & Engineering,Section B,Year 3 B.Tech,8.5,0,9.4,95,NO,27,18,20,90,4,2,2,3,89,85,83,8.2,7.5,7,6.5,4.6,88.9,27.1,18,9,10,12.8,7.3,4.6,0.2,low,FALSE,FALSE,High Achiever,None assigned,https://leetcode.com/u/manish_joshi,https://www.codechef.com/users/manish_joshi,https://linkedin.com/in/manish_joshi,https://github.com/manish_joshi
stu-1-30,241FA04070,SAGAR,241fa04070@campus.edu.in,Computer Science & Engineering,Section B,Year 3 B.Tech,5.5,5,4.8,42,YES,3,4,20,20,0,0,0,0,38,32,25,4,3.5,2.5,4,2,33.1,13.3,8,1.6,0,4.8,3.5,2,1,critical,TRUE,TRUE,Attendance Risk,Parent Meeting Escalated & Saturday Remedial Class: Guardian summoned regarding 5 backlogs and 42% attendance.,https://leetcode.com/u/sagar_profile,https://www.codechef.com/users/sagar,https://linkedin.com/in/sagar,https://github.com/sagar-dev
stu-1-31,241FA04031,Tanvi Singh,241fa04031@campus.edu.in,Computer Science & Engineering,Section B,Year 3 B.Tech,8.7,0,8,97,NO,29,20,20,100,3,2,2,3,91,87,85,8.2,7.5,7,6.5,4.6,88.9,25.9,18,9.9,10,13.2,7.3,4.6,0.19,low,FALSE,FALSE,High Achiever,None assigned,https://leetcode.com/u/tanvi_singh,https://www.codechef.com/users/tanvi_singh,https://linkedin.com/in/tanvi_singh,https://github.com/tanvi_singh
stu-1-32,241FA04032,Karthik Chatterjee,241fa04032@campus.edu.in,Computer Science & Engineering,Section B,Year 3 B.Tech,6.16,4,4.5,58,YES,7,8,20,40,0,0,0,0,47,52,48,4.5,4,3.5,4.5,2.5,42.2,14.9,10,3.3,0,7.3,4.1,2.5,1,critical,TRUE,TRUE,Attendance Risk,None assigned,https://leetcode.com/u/karthik_chatterjee,https://www.codechef.com/users/karthik_chatterjee,https://linkedin.com/in/karthik_chatterjee,https://github.com/karthik_chatterjee
stu-1-33,241FA04033,Aniket Gupta,241fa04033@campus.edu.in,Computer Science & Engineering,Section B,Year 3 B.Tech,8.9,0,8.3,83,NO,23,18,20,90,2,2,2,3,93,89,87,8.2,7.5,7,6.5,4.6,86.4,26.6,16,8.5,10,13.4,7.3,4.6,0.27,low,FALSE,FALSE,High Achiever,None assigned,https://leetcode.com/u/aniket_gupta,https://www.codechef.com/users/aniket_gupta,https://linkedin.com/in/aniket_gupta,https://github.com/aniket_gupta
stu-1-34,241FA04034,Gautam Sen,241fa04034@campus.edu.in,Computer Science & Engineering,Section B,Year 3 B.Tech,9,0,8.5,84,NO,24,19,20,95,3,1,1,2,94,90,88,8.2,7.5,7,6.5,4.6,85.7,26.9,16,8.9,8.3,13.6,7.3,4.6,0.25,low,FALSE,FALSE,High Achiever,None assigned,https://leetcode.com/u/gautam_sen,https://www.codechef.com/users/gautam_sen,https://linkedin.com/in/gautam_sen,https://github.com/gautam_sen
stu-1-35,241FA04035,Nikhil Nair,241fa04035@campus.edu.in,Computer Science & Engineering,Section B,Year 3 B.Tech,9.1,0,8.7,85,NO,25,20,20,100,4,2,2,3,95,91,89,8.2,7.5,7,6.5,4.6,88.3,27.3,16,9.3,10,13.8,7.3,4.6,0.23,low,FALSE,FALSE,High Achiever,None assigned,https://leetcode.com/u/nikhil_nair,https://www.codechef.com/users/nikhil_nair,https://linkedin.com/in/nikhil_nair,https://github.com/nikhil_nair
stu-1-36,241FA04036,Rohit Hegde,241fa04036@campus.edu.in,Computer Science & Engineering,Section B,Year 3 B.Tech,7.2,0,6.6,75,NO,19,13,20,65,1,1,0,1,66,70,74,6.8,6.5,6,5.5,3.8,66.5,22.2,14,6.4,3.3,10.5,6.2,3.8,0.62,high,FALSE,FALSE,Consistent Performer,None assigned,https://leetcode.com/u/rohit_hegde,https://www.codechef.com/users/rohit_hegde,https://linkedin.com/in/rohit_hegde,https://github.com/rohit_hegde
stu-1-37,241FA04037,Utkarsh Rao,241fa04037@campus.edu.in,Computer Science & Engineering,Section B,Year 3 B.Tech,9.3,0,9.1,87,NO,27,18,20,90,3,2,2,3,79,93,91,8.2,7.5,7,6.5,4.6,88.1,28,16,9,10,13.2,7.3,4.6,0.24,low,FALSE,FALSE,High Achiever,None assigned,https://leetcode.com/u/utkarsh_rao,https://www.codechef.com/users/utkarsh_rao,https://linkedin.com/in/utkarsh_rao,https://github.com/utkarsh_rao
stu-1-38,241FA04038,Harini Menon,241fa04038@campus.edu.in,Computer Science & Engineering,Section B,Year 3 B.Tech,9.4,0,9.2,88,NO,28,19,20,95,4,1,1,2,80,94,92,8.2,7.5,7,6.5,4.6,87.9,28.3,16,9.4,9,13.3,7.3,4.6,0.22,low,FALSE,FALSE,High Achiever,None assigned,https://leetcode.com/u/harini_menon,https://www.codechef.com/users/harini_menon,https://linkedin.com/in/harini_menon,https://github.com/harini_menon
stu-1-39,241FA04039,Arjun Patel,241fa04039@campus.edu.in,Computer Science & Engineering,Section B,Year 3 B.Tech,9.5,0,9.4,89,NO,29,20,20,100,2,2,2,3,81,95,93,8.2,7.5,7,6.5,4.6,89.8,28.6,16,9.9,10,13.4,7.3,4.6,0.2,low,FALSE,FALSE,High Achiever,None assigned,https://leetcode.com/u/arjun_patel,https://www.codechef.com/users/arjun_patel,https://linkedin.com/in/arjun_patel,https://github.com/arjun_patel
stu-1-40,241FA04040,Ishaan Mehta,241fa04040@campus.edu.in,Computer Science & Engineering,Section B,Year 3 B.Tech,5.68,3,4.5,64,YES,9,10,20,50,0,0,0,0,55,42,44,4.5,4,3.5,4.5,2.5,44.9,15,12,4.2,0,7,4.1,2.5,0.99,critical,TRUE,TRUE,Attendance Risk,None assigned,https://leetcode.com/u/ishaan_mehta,https://www.codechef.com/users/ishaan_mehta,https://linkedin.com/in/ishaan_mehta,https://github.com/ishaan_mehta
stu-2-1,241FA05001,Varun Chatterjee,241fa05001@campus.edu.in,Computer Science & Engineering,Section C,Year 3 B.Tech,7.7,0,8,83,NO,23,18,20,90,3,2,2,3,79,77,83,8.2,7.5,7,6.5,4.6,82.8,24.5,16,8.5,10,11.9,7.3,4.6,0.36,medium,FALSE,FALSE,High Achiever,None assigned,https://leetcode.com/u/varun_chatterjee,https://www.codechef.com/users/varun_chatterjee,https://linkedin.com/in/varun_chatterjee,https://github.com/varun_chatterjee
stu-2-2,241FA05002,Aarav Gupta,241fa05002@campus.edu.in,Computer Science & Engineering,Section C,Year 3 B.Tech,7.8,0,8.2,84,NO,24,19,20,95,4,1,1,2,80,78,84,8.2,7.5,7,6.5,4.6,82.7,24.8,16,8.9,9,12.1,7.3,4.6,0.34,low,FALSE,FALSE,High Achiever,None assigned,https://leetcode.com/u/aarav_gupta,https://www.codechef.com/users/aarav_gupta,https://linkedin.com/in/aarav_gupta,https://github.com/aarav_gupta
stu-2-3,241FA05003,Bhavya Sen,241fa05003@campus.edu.in,Computer Science & Engineering,Section C,Year 3 B.Tech,7.9,0,8.3,85,NO,25,20,20,100,2,2,2,3,81,79,85,8.2,7.5,7,6.5,4.6,84.5,25.1,16,9.3,10,12.3,7.3,4.6,0.31,low,FALSE,FALSE,High Achiever,None assigned,https://leetcode.com/u/bhavya_sen,https://www.codechef.com/users/bhavya_sen,https://linkedin.com/in/bhavya_sen,https://github.com/bhavya_sen
stu-2-4,241FA05004,Kavya Nair,241fa05004@campus.edu.in,Computer Science & Engineering,Section C,Year 3 B.Tech,7.2,0,7.4,75,NO,19,13,20,65,1,1,0,1,70,68,72,6.8,6.5,6,5.5,3.8,67.3,23.1,14,6.4,3.3,10.5,6.2,3.8,0.6,high,FALSE,FALSE,Consistent Performer,None assigned,https://leetcode.com/u/kavya_nair,https://www.codechef.com/users/kavya_nair,https://linkedin.com/in/kavya_nair,https://github.com/kavya_nair
stu-2-5,241FA05005,Priya Hegde,241fa05005@campus.edu.in,Computer Science & Engineering,Section C,Year 3 B.Tech,8.1,0,8.7,87,NO,27,18,20,90,4,2,2,3,83,81,87,8.2,7.5,7,6.5,4.6,85.2,25.8,16,9,10,12.6,7.3,4.6,0.3,low,FALSE,FALSE,High Achiever,None assigned,https://leetcode.com/u/priya_hegde,https://www.codechef.com/users/priya_hegde,https://linkedin.com/in/priya_hegde,https://github.com/priya_hegde
stu-2-6,241FA05006,Sourabh Rao,241fa05006@campus.edu.in,Computer Science & Engineering,Section C,Year 3 B.Tech,8.2,0,8.9,88,NO,28,19,20,95,2,1,1,2,84,82,88,8.2,7.5,7,6.5,4.6,83.8,26.1,16,9.4,7.7,12.7,7.3,4.6,0.27,low,FALSE,FALSE,High Achiever,None assigned,https://leetcode.com/u/sourabh_rao,https://www.codechef.com/users/sourabh_rao,https://linkedin.com/in/sourabh_rao,https://github.com/sourabh_rao
stu-2-7,241FA05007,Yash Menon,241fa05007@campus.edu.in,Computer Science & Engineering,Section C,Year 3 B.Tech,8.3,0,9.1,89,NO,29,20,20,100,3,2,2,3,85,83,89,8.2,7.5,7,6.5,4.6,87.1,26.5,16,9.9,10,12.8,7.3,4.6,0.25,low,FALSE,FALSE,High Achiever,None assigned,https://leetcode.com/u/yash_menon,https://www.codechef.com/users/yash_menon,https://linkedin.com/in/yash_menon,https://github.com/yash_menon
stu-2-8,241FA05008,Akash Patel,241fa05008@campus.edu.in,Computer Science & Engineering,Section C,Year 3 B.Tech,6.16,4,4.5,58,YES,7,8,20,40,0,0,0,0,53,46,48,4.5,4,3.5,4.5,2.5,42.2,14.9,10,3.3,0,7.3,4.1,2.5,1,critical,TRUE,TRUE,Attendance Risk,None assigned,https://leetcode.com/u/akash_patel,https://www.codechef.com/users/akash_patel,https://linkedin.com/in/akash_patel,https://github.com/akash_patel
stu-2-9,241FA05009,Deepak Mehta,241fa05009@campus.edu.in,Computer Science & Engineering,Section C,Year 3 B.Tech,8.5,0,9.4,91,NO,23,18,20,90,2,2,2,3,87,85,91,8.2,7.5,7,6.5,4.6,88.6,27.1,18,8.5,10,13.2,7.3,4.6,0.2,low,FALSE,FALSE,High Achiever,None assigned,https://leetcode.com/u/deepak_mehta,https://www.codechef.com/users/deepak_mehta,https://linkedin.com/in/deepak_mehta,https://github.com/deepak_mehta
stu-2-10,241FA05010,Manish Sharma,241fa05010@campus.edu.in,Computer Science & Engineering,Section C,Year 3 B.Tech,8.6,0,7.8,92,NO,24,19,20,95,3,1,1,2,88,86,92,8.2,7.5,7,6.5,4.6,86,25.6,18,8.9,8.3,13.3,7.3,4.6,0.22,low,FALSE,FALSE,High Achiever,None assigned,https://leetcode.com/u/manish_sharma,https://www.codechef.com/users/manish_sharma,https://linkedin.com/in/manish_sharma,https://github.com/manish_sharma
stu-2-11,241FA05011,Rhea Choudhury,241fa05011@campus.edu.in,Computer Science & Engineering,Section C,Year 3 B.Tech,8.7,0,8,93,NO,25,20,20,100,4,2,2,3,89,87,93,8.2,7.5,7,6.5,4.6,88.6,25.9,18,9.3,10,13.4,7.3,4.6,0.2,low,FALSE,FALSE,High Achiever,None assigned,https://leetcode.com/u/rhea_choudhury,https://www.codechef.com/users/rhea_choudhury,https://linkedin.com/in/rhea_choudhury,https://github.com/rhea_choudhury
stu-2-12,241FA05012,Tanvi Mishra,241fa05012@campus.edu.in,Computer Science & Engineering,Section C,Year 3 B.Tech,7.2,0,6.6,75,NO,19,13,20,65,1,1,0,1,66,76,70,6.8,6.5,6,5.5,3.8,66.6,22.2,14,6.4,3.3,10.6,6.2,3.8,0.62,high,FALSE,FALSE,Consistent Performer,None assigned,https://leetcode.com/u/tanvi_mishra,https://www.codechef.com/users/tanvi_mishra,https://linkedin.com/in/tanvi_mishra,https://github.com/tanvi_mishra
stu-2-13,241FA05013,Karthik Kumar,241fa05013@campus.edu.in,Computer Science & Engineering,Section C,Year 3 B.Tech,8.9,0,8.3,95,NO,27,18,20,90,3,2,2,3,91,89,95,8.2,7.5,7,6.5,4.6,89.2,26.6,18,9,10,13.8,7.3,4.6,0.19,low,FALSE,FALSE,High Achiever,None assigned,https://leetcode.com/u/karthik_kumar,https://www.codechef.com/users/karthik_kumar,https://linkedin.com/in/karthik_kumar,https://github.com/karthik_kumar
stu-2-14,241FA05014,Aniket Das,241fa05014@campus.edu.in,Computer Science & Engineering,Section C,Year 3 B.Tech,9,0,8.5,96,NO,28,19,20,95,4,1,1,2,92,90,82,8.2,7.5,7,6.5,4.6,88.5,26.9,18,9.4,9,13.2,7.3,4.6,0.18,low,FALSE,FALSE,High Achiever,None assigned,https://leetcode.com/u/aniket_das,https://www.codechef.com/users/aniket_das,https://linkedin.com/in/aniket_das,https://github.com/aniket_das
stu-2-15,241FA05015,Gautam Deshmukh,241fa05015@campus.edu.in,Computer Science & Engineering,Section C,Year 3 B.Tech,9.1,0,8.7,97,NO,29,20,20,100,2,2,2,3,93,91,83,8.2,7.5,7,6.5,4.6,90.4,27.3,18,9.9,10,13.3,7.3,4.6,0.17,low,FALSE,FALSE,High Achiever,None assigned,https://leetcode.com/u/gautam_deshmukh,https://www.codechef.com/users/gautam_deshmukh,https://linkedin.com/in/gautam_deshmukh,https://github.com/gautam_deshmukh
stu-2-16,241FA05016,Nikhil Kulkarni,241fa05016@campus.edu.in,Computer Science & Engineering,Section C,Year 3 B.Tech,5.68,3,4.5,64,YES,9,10,20,50,0,0,0,0,46,54,44,4.5,4,3.5,4.5,2.5,45.1,15,12,4.2,0,7.2,4.1,2.5,0.99,critical,TRUE,TRUE,Attendance Risk,None assigned,https://leetcode.com/u/nikhil_kulkarni,https://www.codechef.com/users/nikhil_kulkarni,https://linkedin.com/in/nikhil_kulkarni,https://github.com/nikhil_kulkarni
stu-2-17,241FA05017,Rohit Iyer,241fa05017@campus.edu.in,Computer Science & Engineering,Section C,Year 3 B.Tech,9.3,0,9.1,83,NO,23,18,20,90,4,2,2,3,95,93,85,8.2,7.5,7,6.5,4.6,88,28,16,8.5,10,13.7,7.3,4.6,0.24,low,FALSE,FALSE,High Achiever,None assigned,https://leetcode.com/u/rohit_iyer,https://www.codechef.com/users/rohit_iyer,https://linkedin.com/in/rohit_iyer,https://github.com/rohit_iyer
stu-2-18,241FA05018,Utkarsh Pillai,241fa05018@campus.edu.in,Computer Science & Engineering,Section C,Year 3 B.Tech,9.4,0,9.2,84,NO,24,19,20,95,2,1,1,2,78,94,86,8.2,7.5,7,6.5,4.6,85.6,28.3,16,8.9,7.7,12.9,7.3,4.6,0.24,low,FALSE,FALSE,High Achiever,None assigned,https://leetcode.com/u/utkarsh_pillai,https://www.codechef.com/users/utkarsh_pillai,https://linkedin.com/in/utkarsh_pillai,https://github.com/utkarsh_pillai
stu-2-19,241FA05019,Harini Reddy,241fa05019@campus.edu.in,Computer Science & Engineering,Section C,Year 3 B.Tech,9.5,0,9.4,85,NO,25,20,20,100,3,2,2,3,79,95,87,8.2,7.5,7,6.5,4.6,88.9,28.6,16,9.3,10,13.1,7.3,4.6,0.22,low,FALSE,FALSE,High Achiever,None assigned,https://leetcode.com/u/harini_reddy,https://www.codechef.com/users/harini_reddy,https://linkedin.com/in/harini_reddy,https://github.com/harini_reddy
stu-2-20,241FA05020,Arjun Bhat,241fa05020@campus.edu.in,Computer Science & Engineering,Section C,Year 3 B.Tech,7.2,0,7,75,NO,19,13,20,65,1,1,0,1,74,69,68,6.8,6.5,6,5.5,3.8,67,22.6,14,6.4,3.3,10.6,6.2,3.8,0.61,high,FALSE,FALSE,Consistent Performer,None assigned,https://leetcode.com/u/arjun_bhat,https://www.codechef.com/users/arjun_bhat,https://linkedin.com/in/arjun_bhat,https://github.com/arjun_bhat
stu-2-21,241FA05021,Ishaan Verma,241fa05021@campus.edu.in,Computer Science & Engineering,Section C,Year 3 B.Tech,7.7,0,8,87,NO,27,18,20,90,2,2,2,3,81,77,89,8.2,7.5,7,6.5,4.6,83.7,24.5,16,9,10,12.3,7.3,4.6,0.33,low,FALSE,FALSE,High Achiever,None assigned,https://leetcode.com/u/ishaan_verma,https://www.codechef.com/users/ishaan_verma,https://linkedin.com/in/ishaan_verma,https://github.com/ishaan_verma
stu-2-22,241FA05022,Pranav Joshi,241fa05022@campus.edu.in,Computer Science & Engineering,Section C,Year 3 B.Tech,7.8,0,8.2,88,NO,28,19,20,95,3,1,1,2,82,78,90,8.2,7.5,7,6.5,4.6,83,24.8,16,9.4,8.3,12.5,7.3,4.6,0.31,low,FALSE,FALSE,High Achiever,None assigned,https://leetcode.com/u/pranav_joshi,https://www.codechef.com/users/pranav_joshi,https://linkedin.com/in/pranav_joshi,https://github.com/pranav_joshi
stu-2-23,241FA05023,Sneha Agarwal,241fa05023@campus.edu.in,Computer Science & Engineering,Section C,Year 3 B.Tech,7.9,0,8.3,89,NO,29,20,20,100,4,2,2,3,83,79,91,8.2,7.5,7,6.5,4.6,85.5,25.1,16,9.9,10,12.7,7.3,4.6,0.29,low,FALSE,FALSE,High Achiever,None assigned,https://leetcode.com/u/sneha_agarwal,https://www.codechef.com/users/sneha_agarwal,https://linkedin.com/in/sneha_agarwal,https://github.com/sneha_agarwal
stu-2-24,241FA05024,Vikas Singh,241fa05024@campus.edu.in,Computer Science & Engineering,Section C,Year 3 B.Tech,5.2,2,4.5,52,YES,5,6,20,30,0,0,0,0,54,44,40,4.5,4,3.5,4.5,2.5,41.2,15.2,10,2.5,0,6.9,4.1,2.5,0.99,critical,TRUE,TRUE,Attendance Risk,None assigned,https://leetcode.com/u/vikas_singh,https://www.codechef.com/users/vikas_singh,https://linkedin.com/in/vikas_singh,https://github.com/vikas_singh
stu-2-25,241FA05025,Aditya Chatterjee,241fa05025@campus.edu.in,Computer Science & Engineering,Section C,Year 3 B.Tech,8.1,0,8.7,91,NO,23,18,20,90,3,2,2,3,85,81,93,8.2,7.5,7,6.5,4.6,87.1,25.8,18,8.5,10,12.9,7.3,4.6,0.23,low,FALSE,FALSE,High Achiever,None assigned,https://leetcode.com/u/aditya_chatterjee,https://www.codechef.com/users/aditya_chatterjee,https://linkedin.com/in/aditya_chatterjee,https://github.com/aditya_chatterjee
stu-2-26,241FA05026,Chaitanya Gupta,241fa05026@campus.edu.in,Computer Science & Engineering,Section C,Year 3 B.Tech,8.2,0,8.9,92,NO,24,19,20,95,4,1,1,2,86,82,94,8.2,7.5,7,6.5,4.6,87,26.1,18,8.9,9,13.1,7.3,4.6,0.21,low,FALSE,FALSE,High Achiever,None assigned,https://leetcode.com/u/chaitanya_gupta,https://www.codechef.com/users/chaitanya_gupta,https://linkedin.com/in/chaitanya_gupta,https://github.com/chaitanya_gupta
stu-2-27,241FA05027,Kiran Sen,241fa05027@campus.edu.in,Computer Science & Engineering,Section C,Year 3 B.Tech,8.3,0,9.1,93,NO,25,20,20,100,2,2,2,3,87,83,95,8.2,7.5,7,6.5,4.6,89,26.5,18,9.3,10,13.3,7.3,4.6,0.19,low,FALSE,FALSE,High Achiever,None assigned,https://leetcode.com/u/kiran_sen,https://www.codechef.com/users/kiran_sen,https://linkedin.com/in/kiran_sen,https://github.com/kiran_sen
stu-2-28,241FA05028,Rahul Nair,241fa05028@campus.edu.in,Computer Science & Engineering,Section C,Year 3 B.Tech,7.2,0,7.4,75,NO,19,13,20,65,1,1,0,1,70,77,76,6.8,6.5,6,5.5,3.8,68,23.1,14,6.4,3.3,11.1,6.2,3.8,0.58,medium,FALSE,FALSE,Consistent Performer,None assigned,https://leetcode.com/u/rahul_nair,https://www.codechef.com/users/rahul_nair,https://linkedin.com/in/rahul_nair,https://github.com/rahul_nair
stu-2-29,241FA05029,Suhani Hegde,241fa05029@campus.edu.in,Computer Science & Engineering,Section C,Year 3 B.Tech,8.5,0,9.4,95,NO,27,18,20,90,4,2,2,3,89,85,83,8.2,7.5,7,6.5,4.6,88.9,27.1,18,9,10,12.8,7.3,4.6,0.2,low,FALSE,FALSE,High Achiever,None assigned,https://leetcode.com/u/suhani_hegde,https://www.codechef.com/users/suhani_hegde,https://linkedin.com/in/suhani_hegde,https://github.com/suhani_hegde
stu-2-30,241FA05030,Zoya Rao,241fa05030@campus.edu.in,Computer Science & Engineering,Section C,Year 3 B.Tech,8.6,0,7.8,96,NO,28,19,20,95,2,1,1,2,90,86,84,8.2,7.5,7,6.5,4.6,85.6,25.6,18,9.4,7.7,13,7.3,4.6,0.21,low,FALSE,FALSE,High Achiever,None assigned,https://leetcode.com/u/zoya_rao,https://www.codechef.com/users/zoya_rao,https://linkedin.com/in/zoya_rao,https://github.com/zoya_rao
stu-2-31,241FA05031,Ananya Menon,241fa05031@campus.edu.in,Computer Science & Engineering,Section C,Year 3 B.Tech,8.7,0,8,97,NO,29,20,20,100,3,2,2,3,91,87,85,8.2,7.5,7,6.5,4.6,88.9,25.9,18,9.9,10,13.2,7.3,4.6,0.19,low,FALSE,FALSE,High Achiever,None assigned,https://leetcode.com/u/ananya_menon,https://www.codechef.com/users/ananya_menon,https://linkedin.com/in/ananya_menon,https://github.com/ananya_menon
stu-2-32,241FA05032,Divya Patel,241fa05032@campus.edu.in,Computer Science & Engineering,Section C,Year 3 B.Tech,6.16,4,4.5,58,YES,7,8,20,40,0,0,0,0,47,52,48,4.5,4,3.5,4.5,2.5,42.2,14.9,10,3.3,0,7.3,4.1,2.5,1,critical,TRUE,TRUE,Attendance Risk,None assigned,https://leetcode.com/u/divya_patel,https://www.codechef.com/users/divya_patel,https://linkedin.com/in/divya_patel,https://github.com/divya_patel
stu-2-33,241FA05033,Meera Mehta,241fa05033@campus.edu.in,Computer Science & Engineering,Section C,Year 3 B.Tech,8.9,0,8.3,83,NO,23,18,20,90,2,2,2,3,93,89,87,8.2,7.5,7,6.5,4.6,86.4,26.6,16,8.5,10,13.4,7.3,4.6,0.27,low,FALSE,FALSE,High Achiever,None assigned,https://leetcode.com/u/meera_mehta,https://www.codechef.com/users/meera_mehta,https://linkedin.com/in/meera_mehta,https://github.com/meera_mehta
stu-2-34,241FA05034,Rohan Sharma,241fa05034@campus.edu.in,Computer Science & Engineering,Section C,Year 3 B.Tech,9,0,8.5,84,NO,24,19,20,95,3,1,1,2,94,90,88,8.2,7.5,7,6.5,4.6,85.7,26.9,16,8.9,8.3,13.6,7.3,4.6,0.25,low,FALSE,FALSE,High Achiever,None assigned,https://leetcode.com/u/rohan_sharma,https://www.codechef.com/users/rohan_sharma,https://linkedin.com/in/rohan_sharma,https://github.com/rohan_sharma
stu-2-35,241FA05035,Tarun Choudhury,241fa05035@campus.edu.in,Computer Science & Engineering,Section C,Year 3 B.Tech,9.1,0,8.7,85,NO,25,20,20,100,4,2,2,3,95,91,89,8.2,7.5,7,6.5,4.6,88.3,27.3,16,9.3,10,13.8,7.3,4.6,0.23,low,FALSE,FALSE,High Achiever,None assigned,https://leetcode.com/u/tarun_choudhury,https://www.codechef.com/users/tarun_choudhury,https://linkedin.com/in/tarun_choudhury,https://github.com/tarun_choudhury
stu-2-36,241FA05036,Swati Mishra,241fa05036@campus.edu.in,Computer Science & Engineering,Section C,Year 3 B.Tech,7.2,0,6.6,75,NO,19,13,20,65,1,1,0,1,66,70,74,6.8,6.5,6,5.5,3.8,66.5,22.2,14,6.4,3.3,10.5,6.2,3.8,0.62,high,FALSE,FALSE,Consistent Performer,None assigned,https://leetcode.com/u/swati_mishra,https://www.codechef.com/users/swati_mishra,https://linkedin.com/in/swati_mishra,https://github.com/swati_mishra
stu-2-37,241FA05037,Anushka Kumar,241fa05037@campus.edu.in,Computer Science & Engineering,Section C,Year 3 B.Tech,9.3,0,9.1,87,NO,27,18,20,90,3,2,2,3,79,93,91,8.2,7.5,7,6.5,4.6,88.1,28,16,9,10,13.2,7.3,4.6,0.24,low,FALSE,FALSE,High Achiever,None assigned,https://leetcode.com/u/anushka_kumar,https://www.codechef.com/users/anushka_kumar,https://linkedin.com/in/anushka_kumar,https://github.com/anushka_kumar
stu-2-38,241FA05038,Harsh Das,241fa05038@campus.edu.in,Computer Science & Engineering,Section C,Year 3 B.Tech,9.4,0,9.2,88,NO,28,19,20,95,4,1,1,2,80,94,92,8.2,7.5,7,6.5,4.6,87.9,28.3,16,9.4,9,13.3,7.3,4.6,0.22,low,FALSE,FALSE,High Achiever,None assigned,https://leetcode.com/u/harsh_das,https://www.codechef.com/users/harsh_das,https://linkedin.com/in/harsh_das,https://github.com/harsh_das
stu-2-39,241FA05039,Pooja Deshmukh,241fa05039@campus.edu.in,Computer Science & Engineering,Section C,Year 3 B.Tech,9.5,0,9.4,89,NO,29,20,20,100,2,2,2,3,81,95,93,8.2,7.5,7,6.5,4.6,89.8,28.6,16,9.9,10,13.4,7.3,4.6,0.2,low,FALSE,FALSE,High Achiever,None assigned,https://leetcode.com/u/pooja_deshmukh,https://www.codechef.com/users/pooja_deshmukh,https://linkedin.com/in/pooja_deshmukh,https://github.com/pooja_deshmukh
stu-2-40,241FA05040,Sanjana Kulkarni,241fa05040@campus.edu.in,Computer Science & Engineering,Section C,Year 3 B.Tech,5.68,3,4.5,64,YES,9,10,20,50,0,0,0,0,55,42,44,4.5,4,3.5,4.5,2.5,44.9,15,12,4.2,0,7,4.1,2.5,0.99,critical,TRUE,TRUE,Attendance Risk,None assigned,https://leetcode.com/u/sanjana_kulkarni,https://www.codechef.com/users/sanjana_kulkarni,https://linkedin.com/in/sanjana_kulkarni,https://github.com/sanjana_kulkarni